run_idx,acc,std
1,0.942611,None
2,0.942611,None
3,0.949259,None
4,0.905999,None
5,0.944296,None
in total,0.936955,0.017518
