run_idx,acc,std
1,0.987615,None
2,0.988165,None
3,0.989725,None
4,0.992752,None
5,0.991697,None
in total,0.989991,0.002213
