run_idx,acc,std
1,0.978619,None
2,0.980732,None
3,0.977972,None
4,0.975576,None
5,0.976490,None
in total,0.977878,0.001996
