run_idx,acc,std
1,0.762108,None
2,0.792659,None
3,0.791798,None
4,0.766753,None
5,0.741822,None
in total,0.771028,0.021506
