run_idx,acc,std
1,0.973591,None
2,0.976255,None
3,0.967744,None
4,0.971155,None
5,0.975102,None
in total,0.972769,0.003396
