run_idx,acc,std
1,0.965723,None
2,0.964860,None
3,0.966017,None
4,0.963368,None
5,0.965652,None
in total,0.965124,0.001071
