run_idx,acc,std
1,0.966919,None
2,0.974503,None
3,0.965311,None
4,0.961873,None
5,0.964696,None
in total,0.966660,0.004748
