run_idx,acc,std
1,0.868433,None
2,0.783996,None
3,0.855314,None
4,0.728461,None
5,0.795475,None
in total,0.806336,0.056869
