run_idx,acc,std
1,0.985139,None
2,0.984132,None
3,0.983011,None
4,0.979341,None
5,0.985464,None
in total,0.983417,0.002472
