run_idx,acc,std
1,0.945859,None
2,0.940347,None
3,0.948041,None
4,0.940164,None
5,0.948863,None
in total,0.944655,0.004164
